{"cameraMode":{"drawMode":0,"name":"Shaded","section":"Shading Mode"},"sceneLighting":false,"audioPlay":false,"sceneViewState":{"m_AlwaysRefresh":false,"showFog":true,"showSkybox":false,"showFlares":true,"showImageEffects":true,"showParticleSystems":true,"showVisualEffectGraphs":true,"m_FxEnabled":true},"in2DMode":false,"pivot":{"x":44.137935638427737,"y":3.4365556240081789,"z":-71.50768280029297},"rotation":{"x":0.07929597049951554,"y":-0.48979413509368899,"z":0.0447944700717926,"w":0.8670722246170044},"size":0.3824818730354309,"orthographic":false}