{"cameraMode":{"drawMode":0,"name":"Shaded","section":"Shading Mode"},"sceneLighting":true,"audioPlay":false,"sceneViewState":{"m_AlwaysRefresh":false,"showFog":true,"showSkybox":true,"showFlares":true,"showImageEffects":true,"showParticleSystems":true,"showVisualEffectGraphs":true,"m_FxEnabled":true},"in2DMode":false,"pivot":{"x":-5.271745681762695,"y":3.1423285007476808,"z":-90.24339294433594},"rotation":{"x":-0.18561062216758729,"y":-0.023518607020378114,"z":0.004621594678610563,"w":-0.9831699132919312},"size":3.162891387939453,"orthographic":false}