{"cameraMode":{"drawMode":0,"name":"Shaded","section":"Shading Mode"},"sceneLighting":true,"audioPlay":false,"sceneViewState":{"m_AlwaysRefresh":false,"showFog":true,"showSkybox":true,"showFlares":true,"showImageEffects":true,"showParticleSystems":true,"showVisualEffectGraphs":true,"m_FxEnabled":true},"in2DMode":false,"pivot":{"x":-0.7826259732246399,"y":30.829906463623048,"z":-119.5076675415039},"rotation":{"x":0.17564702033996583,"y":-0.12698878347873689,"z":0.024401536211371423,"w":0.9763478636741638},"size":3.570714235305786,"orthographic":false}