{"cameraMode":{"drawMode":0,"name":"Shaded","section":"Shading Mode"},"sceneLighting":false,"audioPlay":false,"sceneViewState":{"m_AlwaysRefresh":false,"showFog":true,"showSkybox":false,"showFlares":true,"showImageEffects":true,"showParticleSystems":true,"showVisualEffectGraphs":true,"m_FxEnabled":true},"in2DMode":false,"pivot":{"x":-26.099363327026368,"y":3.5040180683135988,"z":62.100791931152347},"rotation":{"x":0.0175382811576128,"y":0.04785209149122238,"z":0.0023155834060162307,"w":0.9993409514427185},"size":1.8760411739349366,"orthographic":false}